{"cameraMode":{"drawMode":0,"name":"Shaded","section":"Shading Mode"},"sceneLighting":true,"audioPlay":false,"sceneViewState":{"showFog":true,"showMaterialUpdate":false,"showSkybox":true,"showFlares":true,"showImageEffects":true,"showParticleSystems":true,"showVisualEffectGraphs":true,"m_FxEnabled":true},"in2DMode":false,"pivot":{"x":726.4450073242188,"y":1.1263984441757203,"z":449.5752868652344},"rotation":{"x":0.028133435174822809,"y":0.9718224406242371,"z":-0.17022140324115754,"w":0.1606198102235794},"size":1.6149990558624268,"orthographic":false}