{"cameraMode":{"drawMode":0,"name":"Shaded","section":"Shading Mode"},"sceneLighting":false,"audioPlay":false,"sceneViewState":{"m_AlwaysRefresh":false,"showFog":true,"showSkybox":false,"showFlares":true,"showImageEffects":true,"showParticleSystems":true,"showVisualEffectGraphs":true,"m_FxEnabled":true},"in2DMode":false,"pivot":{"x":0.21250152587890626,"y":11.230030059814454,"z":-3.408313751220703},"rotation":{"x":-0.3466325104236603,"y":0.49597322940826418,"z":-0.22512578964233399,"w":-0.7636617422103882},"size":17.042400360107423,"orthographic":false}